Player,span_x,matches_x,innings_x,not outs,runs_x,highscore,average_x,balls faced,strikerate,hundreds,fifties,ducks,fours,sixes,span_y,matches_y,innings_y,balls,overs,maidens,runs_y,wickets,BBI,BBM,average_y,economy,strike rate,four wicket haul,fifer,bowling-style,span,matches,innings,dismissals,catches,stumpings,max dismissals in innings,dismissals/innings,,position
Babar Azam (PAK),2021-2021,6,6,1,303,70,60.6,240,126.25,-,4,-,28,5,,,,,,,,,,,,,,,,,,,,,,,,,,1
DA Warner (AUS),2021-2021,7,7,1,289,89*,48.16,197,146.7,-,3,-,32,10,,,,,,,,,,,,,,,,,,,,,,,,,,2
Mohammad Rizwan (PAK),2021-2021,6,6,2,281,79*,70.25,220,127.72,-,3,-,23,12,,,,,,,,,,,,,,,,,2021-2021,6,6,4,4,-,2 (2ct 0st),0.666,,2
JC Buttler (ENG),2021-2021,6,6,3,269,101*,89.66,178,151.12,1,1,-,22,13,,,,,,,,,,,,,,,,,2021-2021,6,6,5,4,1,2 (2ct 0st),0.833,,2
KIC Asalanka (SL),2021-2021,6,6,1,231,80*,46.2,157,147.13,-,2,-,23,9,,,,,,,,,,,,,,,,,,,,,,,,,,3
D Wiese (NAM),2021-2021,8,8,3,227,66*,45.4,178,127.52,-,1,-,13,11,2021-2021,8,8,168,28,-,208,6,22-Feb,22-Feb,34.65,7.42,28,-,-,Right-arm medium,,,,,,,,,,6
P Nissanka (SL),2021-2021,8,8,0,221,72,27.62,188,117.55,-,3,1,19,5,,,,,,,,,,,,,,,,,,,,,,,,,,3
KS Williamson (NZ),2021-2021,7,7,2,216,85,43.2,187,115.5,-,1,1,20,5,,,,,,,,,,,,,,,,,,,,,,,,,,3
MJ Guptill (NZ),2021-2021,7,7,0,208,93,29.71,172,120.93,-,1,-,21,8,,,,,,,,,,,,,,,,,,,,,,,,,,1
DJ Mitchell (NZ),2021-2021,7,7,1,208,72*,34.66,148,140.54,-,1,-,15,10,,,,,,,,,,,,,,,,,,,,,,,,,,4
KL Rahul (IND),2021-2021,5,5,1,194,69,48.5,127,152.75,-,3,-,19,7,,,,,,,,,,,,,,,,,,,,,,,,,,2
MR Marsh (AUS),2021-2021,6,5,2,185,77*,61.66,126,146.82,-,2,-,17,8,,,,,,,,,,,,,,,,,,,,,,,,,,4
HE van der Dussen (SA),2021-2021,5,5,2,177,94*,59,152,116.44,-,1,-,10,6,,,,,,,,,,,,,,,,,,,,,,,,,,4
RD Berrington (SCOT),2021-2021,8,8,2,177,70,29.5,138,128.26,-,2,3,12,8,,,,,,,,,,,,,,,,,,,,,,,,,,3
RG Sharma (IND),2021-2021,5,5,0,174,74,34.79,115,151.3,-,2,1,21,7,,,,,,,,,,,,,,,,,,,,,,,,,,1
Mohammad Naim (BAN),2021-2021,7,7,0,174,64,24.85,157,110.82,-,2,1,15,4,,,,,,,,,,,,,,,,,,,,,,,,,,2
Najibullah Zadran (AFG),2021-2021,5,5,0,172,73,34.4,127,135.43,-,2,-,15,8,,,,,,,,,,,,,,,,,,,,,,,,,,2
Mahmudullah (BAN),2021-2021,8,8,2,169,50,28.16,140,120.71,-,1,-,12,6,,,,,,,,,,,,,,,,,,,,,,,,,,5
AK Markram (SA),2021-2021,5,5,2,162,52*,54,111,145.94,-,2,1,9,9,,,,,,,,,,,,,,,,,,,,,,,,,,4
PBB Rajapaksa (SL),2021-2021,8,6,2,155,53,38.75,108,143.51,-,1,1,13,8,,,,,,,,,,,,,,,,,,,,,,,,,,5
HG Munsey (SCOT),2021-2021,8,8,0,152,29,19,139,109.35,-,-,1,18,7,,,,,,,,,,,,,,,,,,,,,,,,,,4
MG Erasmus (NAM),2021-2021,8,8,1,151,53*,21.57,144,104.86,-,1,-,12,3,2021-2021,8,3,36,6,-,34,1,22-Jan,22-Jan,34,5.66,36,-,-,Right-arm off-spin,,,,,,,,,,4
Mushfiqur Rahim (BAN),2021-2021,8,8,1,144,57*,20.57,127,113.38,-,1,1,11,4,,,,,,,,,,,,,,,,,,,,,,,,,,6
AJ Finch (AUS),2021-2021,7,7,0,135,44,19.28,116,116.37,-,-,2,13,6,,,,,,,,,,,,,,,,,,,,,,,,,,2
MH Cross (SCOT),2021-2021,8,8,1,135,45,19.28,168,80.35,-,-,1,9,2,,,,,,,,,,,,,,,,,2021-2021,8,8,8,6,2,4 (3ct 1st),1,,2
Litton Das (BAN),2021-2021,8,8,0,133,44,16.62,141,94.32,-,-,1,10,1,,,,,,,,,,,,,,,,,2021-2021,8,3,-,-,-,0,-,,2
Shakib Al Hasan (BAN),2021-2021,6,6,0,131,46,21.83,120,109.16,-,-,-,10,3,2021-2021,6,6,132,22,-,123,11,9-Apr,9-Apr,11.18,5.59,12,1,-,Left-arm orthodox,,,,,,,,,,6
MA Leask (SCOT),2021-2021,8,7,1,130,44,21.66,84,154.76,-,-,2,11,7,2021-2021,8,6,66,11,-,86,4,12-Feb,12-Feb,21.5,7.81,16.5,-,-,Right-arm medium,,,,,,,,,,6
DP Conway (NZ),2021-2021,6,6,2,129,46,32.25,119,108.4,-,-,-,13,1,,,,,,,,,,,,,,,,,2021-2021,6,5,4,4,-,1 (1ct 0st),0.8,,2
Mohammad Nabi (AFG),2021-2021,5,5,3,127,35*,63.5,105,120.95,-,-,-,14,2,2021-2021,5,5,72,12,-,97,1,Jan-36,Jan-36,97,8.08,72,-,-,Right-arm off-spin,,,,,,,,,,5
SO Hetmyer (WI),2021-2021,5,5,1,127,81*,31.75,100,127,-,1,-,13,4,,,,,,,,,,,,,,,,,,,,,,,,,,5
MP O'Dowd (NED),2021-2021,3,3,0,123,70,41,106,116.03,-,2,-,13,1,,,,,,,,,,,,,,,,,,,,,,,,,,5
JJ Roy (ENG),2021-2021,5,5,1,123,61,30.75,89,138.2,-,1,-,11,5,,,,,,,,,,,,,,,,,,,,,,,,,,1
MDKJ Perera (SL),2021-2021,8,8,1,123,35,17.57,101,121.78,-,-,1,15,2,,,,,,,,,,,,,,,,,2021-2021,8,8,4,3,1,2 (2ct 0st),0.5,,2
PWH de Silva (SL),2021-2021,8,5,0,119,71,23.8,80,148.75,-,1,-,15,2,2021-2021,8,8,180,30,-,156,16,9-Mar,9-Mar,9.75,5.2,11.25,-,-,Right-arm leg-spin,,,,,,,,,,7
CG Williams (NAM),2021-2021,8,8,0,119,40,14.87,140,85,-,-,2,9,4,,,,,,,,,,,,,,,,,,,,,,,,,,3
DJ Malan (ENG),2021-2021,6,5,1,116,41,29,97,119.58,-,-,-,12,2,,,,,,,,,,,,,,,,,,,,,,,,,,2
Jatinder Singh (OMA),2021-2021,3,3,1,113,73*,56.5,76,148.68,-,1,1,11,5,,,,,,,,,,,,,,,,,,,,,,,,,,3
Fakhar Zaman (PAK),2021-2021,6,5,1,109,55*,27.25,92,118.47,-,1,-,5,6,,,,,,,,,,,,,,,,,,,,,,,,,,4
E Lewis (WI),2021-2021,5,5,0,105,56,21,81,129.62,-,1,-,11,7,,,,,,,,,,,,,,,,,,,,,,,,,,2
GD Phillips (NZ),2021-2021,7,5,1,105,39*,26.25,94,111.7,-,-,-,3,5,,,,,,,,,,,,,,,,,,,,,,,,,,5
N Pooran (WI),2021-2021,5,5,0,103,46,20.6,76,135.52,-,-,-,10,5,,,,,,,,,,,,,,,,,2021-2021,5,5,-,-,-,0,-,,5
Shoaib Malik (PAK),2021-2021,6,4,2,100,54*,50,55,181.81,-,1,-,4,8,,,,,,,,,,,,,,,,,,,,,,,,,,6
SJ Baard (NAM),2021-2021,5,5,0,97,29,19.39,103,94.17,-,-,-,8,2,,,,,,,,,,,,,,,,,,,,,,,,,,5
CN Greaves (SCOT),2021-2021,8,7,1,97,45,16.16,104,93.26,-,-,-,7,2,2021-2021,8,8,135,22.3,-,187,6,19-Feb,19-Feb,31.16,8.31,22.5,-,-,Right-arm fast-medium,,,,,,,,,,5
MD Shanaka (SL),2021-2021,8,6,3,96,26,32,82,117.07,-,-,-,9,3,2021-2021,8,5,48,8,-,69,2,6-Jan,6-Jan,34.5,8.62,24,-,-,Right-arm fast-medium,,,,,,,,,,5
Aqib Ilyas (OMA),2021-2021,3,3,1,93,50*,46.5,84,110.71,-,1,-,9,3,,,,,,,,,,,,,,,,,,,,,,,,,,4
MM Ali (ENG),2021-2021,6,4,2,92,51*,46,70,131.42,-,1,-,6,4,2021-2021,6,4,84,14,1,77,7,15-Feb,15-Feb,11,5.5,12,-,-,Right-arm off-spin,,,,,,,,,,5
Hazratullah Zazai (AFG),2021-2021,5,5,0,92,44,18.39,81,113.58,-,-,1,8,6,,,,,,,,,,,,,,,,,,,,,,,,,,1
T Bavuma (SA),2021-2021,5,4,1,91,46,30.33,84,108.33,-,-,-,6,2,,,,,,,,,,,,,,,,,,,,,,,,,,4
KA Pollard (WI),2021-2021,5,5,1,90,44,22.5,84,107.14,-,-,1,6,3,,,,,,,,,,,,,,,,,,,,,,,,,,6
JDS Neesham (NZ),2021-2021,7,5,3,86,35*,43,49,175.51,-,-,-,3,6,2021-2021,7,5,66,11,-,81,3,6-Jan,6-Jan,27,7.36,22,-,-,Right-arm fast-medium,,,,,,,,,,6
Mohammad Hafeez (PAK),2021-2021,6,5,2,85,32*,28.33,52,163.46,-,-,-,10,2,2021-2021,6,4,36,6,-,52,1,16-Jan,16-Jan,52,8.66,36,-,-,Right-arm off-spin,,,,,,,,,,6
Rahmanullah Gurbaz (AFG),2021-2021,5,5,0,85,46,17,71,119.71,-,-,-,3,7,,,,,,,,,,,,,,,,,,,,,,,,,,2
KJ Coetzer (SCOT),2021-2021,7,7,0,84,41,12,82,102.43,-,-,1,10,3,,,,,,,,,,,,,,,,,,,,,,,,,,4
A Vala (PNG),2021-2021,3,3,0,80,56,26.66,63,126.98,-,1,-,8,3,2021-2021,3,2,24,4,-,37,2,26-Feb,26-Feb,18.5,9.25,12,-,-,Right-arm off-spin,,,,,,,,,,4
MP Stoinis (AUS),2021-2021,7,4,3,80,40*,80,58,137.93,-,-,1,7,3,,,,,,,,,,,,,,,,,,,,,,,,,,5
ZE Green (NAM),2021-2021,8,7,0,80,24,11.42,105,76.19,-,-,1,6,1,,,,,,,,,,,,,,,,,2021-2021,8,8,5,5,-,1 (1ct 0st),0.625,,5
Mohammad Shahzad (AFG),2021-2021,5,5,0,79,45,15.8,72,109.72,-,-,1,7,3,,,,,,,,,,,,,,,,,2021-2021,5,5,4,4,-,1 (1ct 0st),0.8,,3
RR Pant (IND),2021-2021,5,3,1,78,39,39,62,125.8,-,-,-,3,5,,,,,,,,,,,,,,,,,2021-2021,5,5,2,1,1,2 (1ct 1st),0.4,,4
JJ Smit (NAM),2021-2021,8,7,4,78,32*,26,80,97.5,-,-,1,6,2,2021-2021,8,8,144,24,-,198,4,7-Jan,7-Jan,49.5,8.25,36,-,-,Right-arm off-spin,,,,,,,,,,5
PR Stirling (IRE),2021-2021,3,3,1,75,38,37.5,70,107.14,-,-,-,7,2,2021-2021,3,2,12,2,-,5,1,4-Jan,4-Jan,5,2.5,12,-,-,Right-arm fast-medium,,,,,,,,,,2
MS Wade (AUS),2021-2021,7,3,2,74,41*,74,45,164.44,-,-,-,6,4,,,,,,,,,,,,,,,,,2021-2021,7,7,9,9,-,2 (2ct 0st),1.285,,6
M van Lingen (NAM),2021-2021,7,5,0,72,25,14.4,74,97.29,-,-,-,7,2,,,,,,,,,,,,,,,,,,,,,,,,,,6
A Balbirnie (IRE),2021-2021,3,3,0,70,41,23.33,73,95.89,-,-,-,6,2,,,,,,,,,,,,,,,,,,,,,,,,,,1
HH Pandya (IND),2021-2021,5,3,1,69,35*,34.5,45,153.33,-,-,-,7,2,,,,,,,,,,,,,,,,,,,,,,,,,,6
SPD Smith (AUS),2021-2021,7,4,1,69,35,23,71,97.18,-,-,-,5,0,,,,,,,,,,,,,,,,,,,,,,,,,,3
Gulbadin Naib (AFG),2021-2021,5,4,2,69,35*,34.5,64,107.81,-,-,-,8,1,2021-2021,5,3,55,9.1,1,67,3,19-Feb,19-Feb,22.33,7.3,18.33,-,-,Right-arm off-spin,,,,,,,,,,5
Q de Kock (SA),2021-2021,4,4,0,69,34,17.25,64,107.81,-,-,-,10,0,,,,,,,,,,,,,,,,,2021-2021,4,4,-,-,-,0,-,,2
V Kohli (IND),2021-2021,5,3,1,68,57,34,68,100,-,1,-,5,1,,,,,,,,,,,,,,,,,,,,,,,,,,3
EJG Morgan (ENG),2021-2021,6,4,2,68,40,34,57,119.29,-,-,-,5,3,,,,,,,,,,,,,,,,,,,,,,,,,,5
K Doriga (PNG),2021-2021,3,3,1,64,46*,32,47,136.17,-,-,1,3,3,,,,,,,,,,,,,,,,,2021-2021,3,3,-,-,-,0,-,,4
GJ Maxwell (AUS),2021-2021,7,7,3,64,28*,16,64,100,-,-,-,6,1,2021-2021,7,6,84,14,-,100,2,6-Jan,6-Jan,50,7.14,42,-,-,Right-arm off-spin,,,,,,,,,,5
Karim Janat (AFG),2021-2021,5,3,1,59,42*,29.5,41,143.9,-,-,-,4,3,2021-2021,5,4,48,8,-,72,1,7-Jan,7-Jan,72,9,48,-,-,Right-arm off-spin,,,,,,,,,,4
CN Ackermann (NED),2021-2021,3,3,0,57,35,19,57,100,-,-,-,3,2,2021-2021,3,1,18,3,-,32,1,Jan-32,Jan-32,32,10.66,18,-,-,Right-arm off-spin,,,,,,,,,,6
Asif Ali (PAK),2021-2021,6,4,3,57,27*,57,24,237.5,-,-,1,1,7,,,,,,,,,,,,,,,,,,,,,,,,,,6
RR Hendricks (SA),2021-2021,4,4,0,56,39,14,55,101.81,-,-,-,6,1,,,,,,,,,,,,,,,,,,,,,,,,,,6
GJ Delany (IRE),2021-2021,3,3,0,55,44,18.33,51,107.84,-,-,-,5,2,,,,,,,,,,,,,,,,,,,,,,,,,,5
Afif Hossain (BAN),2021-2021,8,8,1,54,21,7.71,50,108,-,-,2,7,0,,,,,,,,,,,,,,,,,,,,,,,,,,3
Mahedi Hasan (BAN),2021-2021,8,6,2,53,27,13.25,48,110.41,-,-,2,5,2,2021-2021,8,7,147,24.3,-,150,8,19-Mar,19-Mar,18.75,6.12,18.37,-,-,Right-arm leg-spin,,,,,,,,,,7
WIA Fernando (SL),2021-2021,8,7,2,52,30*,10.4,62,83.87,-,-,2,1,2,,,,,,,,,,,,,,,,,,,,,,,,,,7
RL Chase (WI),2021-2021,3,3,0,48,39,16,56,85.71,-,-,1,4,0,,,,,,,,,,,,,,,,,,,,,,,,,,5
N Vanua (PNG),2021-2021,3,3,0,48,47,16,41,117.07,-,-,1,2,2,,,,,,,,,,,,,,,,,,,,,,,,,,7
JM Bairstow (ENG),2021-2021,6,6,2,47,16*,11.75,42,111.9,-,-,1,5,2,,,,,,,,,,,,,,,,,,,,,,,,,,5
Zeeshan Maqsood (OMA),2021-2021,3,2,0,46,34,23,46,100,-,-,-,3,2,2021-2021,3,3,54,9,-,56,5,20-Apr,20-Apr,11.2,6.22,10.8,1,-,Leg-spin,,,,,,,,,,6
LS Livingstone (ENG),2021-2021,6,3,0,46,28,15.33,29,158.62,-,-,-,2,4,2021-2021,6,4,90,15,-,86,6,15-Feb,15-Feb,14.33,5.73,15,-,-,Leg-spin,,,,,,,,,,6
CH Gayle (WI),2021-2021,5,5,0,45,15,9,49,91.83,-,-,-,3,3,2021-2021,5,1,6,1,-,7,1,7-Jan,7-Jan,7,7,6,-,-,Right-arm fast,,,,,,,,,,1
DA Miller (SA),2021-2021,5,3,2,44,23*,44,33,133.33,-,-,-,1,2,,,,,,,,,,,,,,,,,,,,,,,,,,5
S Bau (PNG),2021-2021,3,3,0,44,24,14.66,57,77.19,-,-,-,3,1,,,,,,,,,,,,,,,,,,,,,,,,,,6
CS MacLeod (SCOT),2021-2021,7,6,0,43,16,7.16,71,60.56,-,-,2,1,0,,,,,,,,,,,,,,,,,,,,,,,,,,6
SA Yadav (IND),2021-2021,4,3,2,42,25*,42,29,144.82,-,-,-,5,2,,,,,,,,,,,,,,,,,,,,,,,,,,4
MRJ Watt (SCOT),2021-2021,8,6,1,42,22,8.4,43,97.67,-,-,1,4,0,2021-2021,8,8,180,30,-,184,7,13-Jan,13-Jan,26.28,6.13,25.71,-,-,Right-arm fast-medium,,,,,,,,,,6
Asghar Afghan (AFG),2021-2021,3,2,0,41,31,20.5,30,136.66,-,-,-,4,2,,,,,,,,,,,,,,,,,,,,,,,,,,5
Mohammad Nadeem (OMA),2021-2021,3,2,1,39,25,39,33,118.18,-,-,-,1,3,,,,,,,,,,,,,,,,,,,,,,,,,,6
RA Jadeja (IND),2021-2021,5,2,1,39,26*,39,32,121.87,-,-,-,3,1,2021-2021,5,5,102,17,-,101,7,15-Mar,15-Mar,14.42,5.94,14.57,-,-,Left-arm orthodox,,,,,,,,,,6
KJ O'Brien (IRE),2021-2021,3,3,0,39,25,13,37,105.4,-,-,-,5,0,,,,,,,,,,,,,,,,,,,,,,,,,,6
CJA Amini (PNG),2021-2021,3,3,0,39,37,13,31,125.8,-,-,-,4,1,,,,,,,,,,,,,,,,,,,,,,,,,,6
C Campher (IRE),2021-2021,3,3,1,35,24,17.5,40,87.5,-,-,-,3,0,2021-2021,3,3,66,11,-,78,6,26-Apr,26-Apr,13,7.09,11,1,-,Right-arm fast-medium,,,,,,,,,,6
K Rabada (SA),2021-2021,5,2,2,32,19*,-,30,106.66,-,-,-,2,2,2021-2021,5,5,114,19,-,155,8,20-Mar,20-Mar,19.37,8.15,14.25,-,-,Right-arm fast,,,,,,,,,,9
R Trumpelmann (NAM),2021-2021,8,4,3,32,13*,32,22,145.45,-,-,-,4,1,2021-2021,8,8,168,28,1,215,6,17-Mar,17-Mar,35.83,7.67,28,-,-,Right-arm fast,,,,,,,,,,9
A Zampa (AUS),,,,,,,,,,,,,,,2021-2021,7,7,162,27,-,157,13,19-May,19-May,12.07,5.81,12.46,-,1,Right-arm leg-spin,,,,,,,,,,8
TA Boult (NZ),,,,,,,,,,,,,,,2021-2021,7,7,166,27.4,-,173,13,17-Mar,17-Mar,13.3,6.25,12.76,-,-,Left-arm fast,,,,,,,,,,10
JR Hazlewood (AUS),,,,,,,,,,,,,,,2021-2021,7,7,144,24,1,175,11,Apr-39,Apr-39,15.9,7.29,13.09,1,-,Right-arm fast-medium,,,,,,,,,,11
D Pretorius (SA),,,,,,,,,,,,,,,2021-2021,5,5,88,14.4,-,101,9,17-Mar,17-Mar,11.22,6.88,9.77,-,-,Right-arm fast-medium,,,,,,,,,,7
A Nortje (SA),,,,,,,,,,,,,,,2021-2021,5,5,116,19.2,-,104,9,8-Mar,8-Mar,11.55,5.37,12.88,-,-,Right-arm fast,,,,,,,,,,10
JH Davey (SCOT),,,,,,,,,,,,,,,2021-2021,5,5,105,17.3,-,123,9,18-Apr,18-Apr,13.66,7.02,11.66,1,-,Right-arm fast-medium,,,,,,,,,,10
Shadab Khan (PAK),,,,,,,,,,,,,,,2021-2021,6,6,138,23,-,138,9,26-Apr,26-Apr,15.33,6,15.33,1,-,Right-arm leg-spin,,,,,,,,,,8
AU Rashid (ENG),,,,,,,,,,,,,,,2021-2021,6,6,134,22.2,-,146,9,2-Apr,2-Apr,16.22,6.53,14.88,1,-,Right-arm leg-spin,,,,,,,,,,9
JN Frylinck (NAM),,,,,,,,,,,,,,,2021-2021,7,7,135,22.3,-,168,9,21-Mar,21-Mar,18.66,7.46,15,-,-,Right-arm fast-medium,,,,,,,,,,9
IS Sodhi (NZ),,,,,,,,,,,,,,,2021-2021,7,7,144,24,-,194,9,17-Feb,17-Feb,21.55,8.08,16,-,-,Right-arm leg-spin,,,,,,,,,,9
MA Starc (AUS),,,,,,,,,,,,,,,2021-2021,7,7,162,27,-,248,9,21-Feb,21-Feb,27.55,9.18,18,-,-,Right-arm fast-medium,,,,,,,,,,8
Rashid Khan (AFG),,,,,,,,,,,,,,,2021-2021,5,5,110,18.2,-,112,8,9-Apr,9-Apr,14,6.1,13.75,1,-,Right-arm leg-spin,,,,,,,,,,8
T Shamsi (SA),,,,,,,,,,,,,,,2021-2021,5,5,114,19,-,121,8,17-Mar,17-Mar,15.12,6.36,14.25,-,-,left wrist-spin,,,,,,,,,,8
M Theekshana (SL),,,,,,,,,,,,,,,2021-2021,7,7,150,25,-,137,8,17-Mar,17-Mar,17.12,5.48,18.75,-,-,Off-spin,,,,,,,,,,8
Haris Rauf (PAK),,,,,,,,,,,,,,,2021-2021,6,6,138,23,-,168,8,22-Apr,22-Apr,21,7.3,17.25,1,-,Right-arm fast,,,,,,,,,,9
TG Southee (NZ),,,,,,,,,,,,,,,2021-2021,7,7,167,27.5,-,181,8,15-Feb,15-Feb,22.62,6.5,20.87,-,-,Right-arm fast-medium,,,,,,,,,,8
SM Sharif (SCOT),,,,,,,,,,,,,,,2021-2021,7,7,139,23.1,-,188,8,25-Feb,25-Feb,23.5,8.11,17.37,-,-,Right-arm fast-medium,,,,,,,,,,9
CBRLS Kumara (SL),,,,,,,,,,,,,,,2021-2021,7,7,152,25.2,1,194,8,7-Mar,7-Mar,24.25,7.65,19,-,-,Right-arm fast,,,,,,,,,,8
Mustafizur Rahman (BAN),,,,,,,,,,,,,,,2021-2021,7,7,144,24,1,222,8,Apr-36,Apr-36,27.75,9.25,18,1,-,Left-arm medium-fast,,,,,,,,,,9
BTJ Wheal (SCOT),,,,,,,,,,,,,,,2021-2021,8,8,162,27,-,237,8,24-Mar,24-Mar,29.62,8.77,20.25,-,-,Left-arm fast-medium,,,,,,,,,,10
Mujeeb Ur Rahman (AFG),,,,,,,,,,,,,,,2021-2021,3,3,72,12,-,65,7,20-May,20-May,9.27,5.41,10.28,-,1,Right-arm off-spin,,,,,,,,,,10
JJ Bumrah (IND),,,,,,,,,,,,,,,2021-2021,5,5,112,18.4,1,95,7,10-Feb,10-Feb,13.57,5.08,16,-,-,Right-arm fast,,,,,,,,,,11
TS Mills (ENG),,,,,,,,,,,,,,,2021-2021,4,4,81,13.3,-,108,7,27-Mar,27-Mar,15.42,8,11.57,-,-,Right-arm fast,,,,,,,,,,11
CR Woakes (ENG),,,,,,,,,,,,,,,2021-2021,6,6,123,20.3,1,151,7,23-Feb,23-Feb,21.57,7.36,17.57,-,-,Right-arm fast-medium,,,,,,,,,,9
Shaheen Shah Afridi (PAK),,,,,,,,,,,,,,,2021-2021,6,6,144,24,1,169,7,31-Mar,31-Mar,24.14,7.04,20.57,-,-,Right-arm fast,,,,,,,,,,10
PVD Chameera (SL),,,,,,,,,,,,,,,2021-2021,8,8,168,28,-,233,7,27-Feb,27-Feb,33.28,8.32,24,-,-,Right-arm fast,,,,,,,,,,10
R Ashwin (IND),,,,,,,,,,,,,,,2021-2021,3,3,72,12,-,63,6,20-Mar,20-Mar,10.5,5.25,12,-,-,Off-spin,,,,,,,,,,8
KV Morea (PNG),,,,,,,,,,,,,,,2021-2021,3,3,60,10,-,75,6,Apr-31,Apr-31,12.5,7.5,10,1,-,Right-arm fast-medium,,,,,,,,,,8
CJ Jordan (ENG),,,,,,,,,,,,,,,2021-2021,6,6,114,19,-,130,6,17-Mar,17-Mar,21.66,6.84,19,-,-,Right-arm fast-medium,,,,,,,,,,8
Mohammed Shami (IND),,,,,,,,,,,,,,,2021-2021,5,5,95,15.5,1,140,6,15-Mar,15-Mar,23.33,8.84,15.83,-,-,Right-arm fast,,,,,,,,,,9
Taskin Ahmed (BAN),,,,,,,,,,,,,,,2021-2021,6,6,131,21.5,1,142,6,12-Feb,12-Feb,23.66,6.5,21.83,-,-,Right-arm fast,,,,,,,,,,9
C Karunaratne (SL),,,,,,,,,,,,,,,2021-2021,8,8,135,22.3,-,165,6,27-Feb,27-Feb,27.5,7.33,22.5,-,-,Right-arm fast-medium,,,,,,,,,,8
Bilal Khan (OMA),,,,,,,,,,,,,,,2021-2021,3,3,66,11,1,49,5,18-Mar,18-Mar,9.8,4.45,13.2,-,-,Right-arm fast,,,,,,,,,,8
MR Adair (IRE),,,,,,,,,,,,,,,2021-2021,3,3,58,9.4,-,56,5,9-Mar,9-Mar,11.2,5.79,11.6,-,-,Right-arm fast,,,,,,,,,,8
JB Little (IRE),,,,,,,,,,,,,,,2021-2021,3,3,72,12,-,59,5,23-Apr,23-Apr,11.8,4.91,14.4,1,-,Left-arm fast-medium,,,,,,,,,,8
Mohammad Saifuddin (BAN),,,,,,,,,,,,,,,2021-2021,4,4,90,15,-,105,5,21-Feb,21-Feb,21,7,18,-,-,Right-arm fast-medium,,,,,,,,,,8
AJ Hosein (WI),,,,,,,,,,,,,,,2021-2021,5,5,108,18,-,126,5,24-Feb,24-Feb,25.2,7,21.6,-,-,Left-arm orthodox,,,,,,,,,,8
Naveen-ul-Haq (AFG),,,,,,,,,,,,,,,2021-2021,5,5,90,15,-,135,5,26-Mar,26-Mar,27,9,18,-,-,Right-arm fast-medium,,,,,,,,,,9
PJ Cummins (AUS),,,,,,,,,,,,,,,2021-2021,7,7,144,24,-,177,5,Feb-34,Feb-34,35.4,7.37,28.8,-,-,Right-arm fast,,,,,,,,,,9
Hasan Ali (PAK),,,,,,,,,,,,,,,2021-2021,6,6,138,23,2,207,5,Feb-44,Feb-44,41.4,9,27.6,-,-,Right-arm fast-medium,,,,,,,,,,9
Kaleemullah (OMA),,,,,,,,,,,,,,,2021-2021,2,2,42,7,-,49,4,19-Feb,19-Feb,12.25,7,10.5,-,-,Right-arm fast-medium,,,,,,,,,,9
Fayyaz Butt (OMA),,,,,,,,,,,,,,,2021-2021,2,2,42,7,-,56,4,30-Mar,30-Mar,14,8,10.5,-,-,Right-arm fast-medium,,,,,,,,,,9
Shoriful Islam (BAN),,,,,,,,,,,,,,,2021-2021,4,4,73,12.1,-,70,4,20-Feb,20-Feb,17.5,5.75,18.25,-,-,Left-arm fast-medium,,,,,,,,,,9
Nasum Ahmed (BAN),,,,,,,,,,,,,,,2021-2021,3,3,47,7.5,-,77,4,Feb-29,Feb-29,19.25,9.82,11.75,-,-,Left-arm orthodox,,,,,,,,,,8
Imad Wasim (PAK),,,,,,,,,,,,,,,2021-2021,6,6,120,20,-,114,4,25-Feb,25-Feb,28.5,5.7,30,-,-,Left-arm orthodox,,,,,,,,,,6
B Fernando (SL),,,,,,,,,,,,,,,2021-2021,2,2,30,5,-,51,3,24-Feb,24-Feb,17,10.2,10,-,-,Right-arm fast-medium,,,,,,,,,,5
Hamid Hassan (AFG),,,,,,,,,,,,,,,2021-2021,3,3,66,11,-,57,3,9-Mar,9-Mar,19,5.18,22,-,-,Right-arm fast-medium,,,,,,,,,,7
CA Soper (PNG),,,,,,,,,,,,,,,2021-2021,2,2,48,8,-,77,3,24-Mar,24-Mar,25.66,9.62,16,-,-,Right-arm fast-medium,,,,,,,,,,7
BM Scholtz (NAM),,,,,,,,,,,,,,,2021-2021,7,7,102,17,-,122,3,15-Jan,15-Jan,40.65,7.17,34,-,-,Right-arm off-spin,,,,,,,,,,7
AD Russell (WI),,,,,,,,,,,,,,,2021-2021,5,4,80,13.2,-,123,3,Feb-33,Feb-33,41,9.22,26.66,-,-,Right-arm fast,,,,,,,,,,7
KA Maharaj (SA),,,,,,,,,,,,,,,2021-2021,5,5,114,19,-,127,3,24-Feb,24-Feb,42.33,6.68,38,-,-,Left-arm orthodox,,,,,,,,,,7
AF Milne (NZ),,,,,,,,,,,,,,,2021-2021,6,6,144,24,1,169,3,17-Jan,17-Jan,56.33,7.04,48,-,-,Right-arm fast-medium,,,,,,,,,,8
PM Seelaar (NED),,,,,,,,,,,,,,,2021-2021,3,2,25,4.1,1,22,2,8-Jan,8-Jan,11,5.28,12.5,-,-,Right-arm off-spin,,,,,,,,,,8
BD Glover (NED),,,,,,,,,,,,,,,2021-2021,2,2,36,6,-,33,2,12-Jan,12-Jan,16.5,5.5,18,-,-,Right-arm fast-medium,,,,,,,,,,8
SK Atai (PNG),,,,,,,,,,,,,,,2021-2021,3,3,30,5,-,35,2,6-Jan,6-Jan,17.5,7,15,-,-,Right-arm fast-medium,,,,,,,,,,6
FJ Klaassen (NED),,,,,,,,,,,,,,,2021-2021,3,3,55,9.1,-,44,2,14-Jan,14-Jan,22,4.8,27.5,-,-,Right-arm fast,,,,,,,,,,6
D Ravu (PNG),,,,,,,,,,,,,,,2021-2021,2,2,42,7,-,68,2,Feb-40,Feb-40,34,9.71,21,-,-,Left-arm orthodox,,,,,,,,,,6
R Rampaul (WI),,,,,,,,,,,,,,,2021-2021,4,4,78,13,-,98,2,14-Jan,14-Jan,49,7.53,39,-,-,Right-arm fast,,,,,,,,,,6
JN Loftie-Eaton (NAM),,,,,,,,,,,,,,,2021-2021,8,5,78,13,-,103,2,21-Feb,21-Feb,51.5,7.92,39,-,-,Left-arm orthodox,,,,,,,,,,7
DJ Bravo (WI),,,,,,,,,,,,,,,2021-2021,5,4,96,16,-,137,2,Jan-36,Jan-36,68.5,8.56,48,-,-,Right-arm fast-medium,,,,,,,,,,7
MJ Santner (NZ),,,,,,,,,,,,,,,2021-2021,7,7,132,22,-,149,2,20-Jan,20-Jan,74.5,6.77,66,-,-,Left-arm orthodox,,,,,,,,,,7
AC Agar (AUS),,,,,,,,,,,,,,,2021-2021,1,1,16,2.4,-,15,1,15-Jan,15-Jan,15,5.62,16,-,-,Left-arm orthodox,,,,,,,,,,7
PA van Meekeren (NED),,,,,,,,,,,,,,,2021-2021,1,1,12,2,-,20,1,20-Jan,20-Jan,20,10,12,-,-,Right-arm fast-medium,,,,,,,,,,7
Hamza Tahir (SCOT),,,,,,,,,,,,,,,2021-2021,1,1,24,4,-,24,1,24-Jan,24-Jan,24,6,24,-,-,Right-arm leg-spin,,,,,,,,,,5
T van der Gugten (NED),,,,,,,,,,,,,,,2021-2021,1,1,18,3,-,32,1,Jan-32,Jan-32,32,10.66,18,-,-,Right-arm fast,,,,,,,,,,6
Khawar Ali (OMA),,,,,,,,,,,,,,,2021-2021,2,2,36,6,-,44,1,27-Jan,27-Jan,44,7.33,36,-,-,Right-arm off-spin,,,,,,,,,,6
JO Holder (WI),,,,,,,,,,,,,,,2021-2021,3,3,60,10,-,85,1,22-Jan,22-Jan,85,8.5,60,-,-,Right-arm fast-medium,,,,,,,,,,6
AC Evans (SCOT),,,,,,,,,,,,,,,2021-2021,3,3,48,8,-,86,1,22-Jan,22-Jan,86,10.75,48,-,-,Right-arm off-spin,,,,,,,,,,6
Nurul Hasan (BAN),,,,,,,,,,,,,,,,,,,,,,,,,,,,,,,2021-2021,5,5,5,5,-,3 (3ct 0st),1,,5
NA Rock (IRE),,,,,,,,,,,,,,,,,,,,,,,,,,,,,,,2021-2021,3,3,2,2,-,1 (1ct 0st),0.666,,3
H Klaasen (SA),,,,,,,,,,,,,,,,,,,,,,,,,,,,,,,2021-2021,2,1,1,1,-,1 (1ct 0st),1,,6
Naseem Khushi (OMA),,,,,,,,,,,,,,,,,,,,,,,,,,,,,,,2021-2021,3,2,1,1,-,1 (1ct 0st),0.5,,4
SA Edwards (NED),,,,,,,,,,,,,,,,,,,,,,,,,,,,,,,2021-2021,3,3,1,1,-,1 (1ct 0st),0.333,,5
Suraj Kumar (OMA),,,,,,,,,,,,,,,,,,,,,,,,,,,,,,,2021-2021,1,1,-,-,-,0,-,,4
TL Seifert (NZ),,,,,,,,,,,,,,,,,,,,,,,,,,,,,,,2021-2021,2,2,-,-,-,0,-,,5
